indikator,jahr,region,region_typ,gruppe,gruppe_typ,wert,einheit,quelle
wahlbeteiligung,2025,Deutschland,bund,gesamt,gesamt,82.512,%,"Bundeswahlleiterin, BTW 2025 (kerg2)"
wahlbeteiligung,2021,Deutschland,bund,gesamt,gesamt,76.353,%,"Bundeswahlleiterin, BTW 2025 (kerg2)"
stimmenanteil,2025,Deutschland,bund,SPD,partei,16.413,%,"Bundeswahlleiterin, BTW 2025 (kerg2)"
stimmenanteil,2021,Deutschland,bund,SPD,partei,25.706,%,"Bundeswahlleiterin, BTW 2025 (kerg2)"
stimmenanteil,2025,Deutschland,bund,CDU,partei,22.551,%,"Bundeswahlleiterin, BTW 2025 (kerg2)"
stimmenanteil,2021,Deutschland,bund,CDU,partei,18.953,%,"Bundeswahlleiterin, BTW 2025 (kerg2)"
stimmenanteil,2025,Deutschland,bund,GRÜNE,partei,11.606,%,"Bundeswahlleiterin, BTW 2025 (kerg2)"
stimmenanteil,2021,Deutschland,bund,GRÜNE,partei,14.718,%,"Bundeswahlleiterin, BTW 2025 (kerg2)"
stimmenanteil,2025,Deutschland,bund,FDP,partei,4.328,%,"Bundeswahlleiterin, BTW 2025 (kerg2)"
stimmenanteil,2021,Deutschland,bund,FDP,partei,11.428,%,"Bundeswahlleiterin, BTW 2025 (kerg2)"
stimmenanteil,2025,Deutschland,bund,AfD,partei,20.803,%,"Bundeswahlleiterin, BTW 2025 (kerg2)"
stimmenanteil,2021,Deutschland,bund,AfD,partei,10.387,%,"Bundeswahlleiterin, BTW 2025 (kerg2)"
stimmenanteil,2025,Deutschland,bund,CSU,partei,5.97,%,"Bundeswahlleiterin, BTW 2025 (kerg2)"
stimmenanteil,2021,Deutschland,bund,CSU,partei,5.19,%,"Bundeswahlleiterin, BTW 2025 (kerg2)"
stimmenanteil,2025,Deutschland,bund,Die Linke,partei,8.775,%,"Bundeswahlleiterin, BTW 2025 (kerg2)"
stimmenanteil,2021,Deutschland,bund,Die Linke,partei,4.872,%,"Bundeswahlleiterin, BTW 2025 (kerg2)"
stimmenanteil,2025,Deutschland,bund,FREIE WÄHLER,partei,1.549,%,"Bundeswahlleiterin, BTW 2025 (kerg2)"
stimmenanteil,2021,Deutschland,bund,FREIE WÄHLER,partei,2.431,%,"Bundeswahlleiterin, BTW 2025 (kerg2)"
stimmenanteil,2025,Deutschland,bund,Tierschutzpartei,partei,0.971,%,"Bundeswahlleiterin, BTW 2025 (kerg2)"
stimmenanteil,2021,Deutschland,bund,Tierschutzpartei,partei,1.455,%,"Bundeswahlleiterin, BTW 2025 (kerg2)"
stimmenanteil,2025,Deutschland,bund,dieBasis,partei,0.172,%,"Bundeswahlleiterin, BTW 2025 (kerg2)"
stimmenanteil,2021,Deutschland,bund,dieBasis,partei,1.361,%,"Bundeswahlleiterin, BTW 2025 (kerg2)"
stimmenanteil,2025,Deutschland,bund,Die PARTEI,partei,0.489,%,"Bundeswahlleiterin, BTW 2025 (kerg2)"
stimmenanteil,2021,Deutschland,bund,Die PARTEI,partei,0.994,%,"Bundeswahlleiterin, BTW 2025 (kerg2)"
stimmenanteil,2025,Deutschland,bund,Team Todenhöfer,partei,0.049,%,"Bundeswahlleiterin, BTW 2025 (kerg2)"
stimmenanteil,2021,Deutschland,bund,Team Todenhöfer,partei,0.458,%,"Bundeswahlleiterin, BTW 2025 (kerg2)"
stimmenanteil,2025,Deutschland,bund,PIRATEN,partei,0.028,%,"Bundeswahlleiterin, BTW 2025 (kerg2)"
stimmenanteil,2021,Deutschland,bund,PIRATEN,partei,0.366,%,"Bundeswahlleiterin, BTW 2025 (kerg2)"
stimmenanteil,2025,Deutschland,bund,Volt,partei,0.716,%,"Bundeswahlleiterin, BTW 2025 (kerg2)"
stimmenanteil,2021,Deutschland,bund,Volt,partei,0.355,%,"Bundeswahlleiterin, BTW 2025 (kerg2)"
stimmenanteil,2025,Deutschland,bund,ÖDP,partei,0.1,%,"Bundeswahlleiterin, BTW 2025 (kerg2)"
stimmenanteil,2021,Deutschland,bund,ÖDP,partei,0.242,%,"Bundeswahlleiterin, BTW 2025 (kerg2)"
stimmenanteil,2025,Deutschland,bund,SSW,partei,0.153,%,"Bundeswahlleiterin, BTW 2025 (kerg2)"
stimmenanteil,2021,Deutschland,bund,SSW,partei,0.12,%,"Bundeswahlleiterin, BTW 2025 (kerg2)"
stimmenanteil,2025,Deutschland,bund,Verjüngungsforschung,partei,0.001,%,"Bundeswahlleiterin, BTW 2025 (kerg2)"
stimmenanteil,2021,Deutschland,bund,Verjüngungsforschung,partei,0.105,%,"Bundeswahlleiterin, BTW 2025 (kerg2)"
stimmenanteil,2025,Deutschland,bund,PdH,partei,0.029,%,"Bundeswahlleiterin, BTW 2025 (kerg2)"
stimmenanteil,2021,Deutschland,bund,PdH,partei,0.103,%,"Bundeswahlleiterin, BTW 2025 (kerg2)"
stimmenanteil,2025,Deutschland,bund,Bündnis C,partei,0.024,%,"Bundeswahlleiterin, BTW 2025 (kerg2)"
stimmenanteil,2021,Deutschland,bund,Bündnis C,partei,0.086,%,"Bundeswahlleiterin, BTW 2025 (kerg2)"
stimmenanteil,2025,Deutschland,bund,BP,partei,0.025,%,"Bundeswahlleiterin, BTW 2025 (kerg2)"
stimmenanteil,2021,Deutschland,bund,BP,partei,0.071,%,"Bundeswahlleiterin, BTW 2025 (kerg2)"
stimmenanteil,2025,Deutschland,bund,MLPD,partei,0.039,%,"Bundeswahlleiterin, BTW 2025 (kerg2)"
stimmenanteil,2021,Deutschland,bund,MLPD,partei,0.038,%,"Bundeswahlleiterin, BTW 2025 (kerg2)"
stimmenanteil,2025,Deutschland,bund,MENSCHLICHE WELT,partei,0.001,%,"Bundeswahlleiterin, BTW 2025 (kerg2)"
stimmenanteil,2021,Deutschland,bund,MENSCHLICHE WELT,partei,0.008,%,"Bundeswahlleiterin, BTW 2025 (kerg2)"
stimmenanteil,2025,Deutschland,bund,PdF,partei,0.043,%,"Bundeswahlleiterin, BTW 2025 (kerg2)"
stimmenanteil,2021,Deutschland,bund,PdF,partei,0.007,%,"Bundeswahlleiterin, BTW 2025 (kerg2)"
stimmenanteil,2025,Deutschland,bund,SGP,partei,0.001,%,"Bundeswahlleiterin, BTW 2025 (kerg2)"
stimmenanteil,2021,Deutschland,bund,SGP,partei,0.003,%,"Bundeswahlleiterin, BTW 2025 (kerg2)"
stimmenanteil,2025,Deutschland,bund,BüSo,partei,0.001,%,"Bundeswahlleiterin, BTW 2025 (kerg2)"
stimmenanteil,2021,Deutschland,bund,BüSo,partei,0.001,%,"Bundeswahlleiterin, BTW 2025 (kerg2)"
stimmenanteil,2025,Deutschland,bund,BÜNDNIS DEUTSCHLAND,partei,0.154,%,"Bundeswahlleiterin, BTW 2025 (kerg2)"
stimmenanteil,2025,Deutschland,bund,BSW,partei,4.981,%,"Bundeswahlleiterin, BTW 2025 (kerg2)"
stimmenanteil,2025,Deutschland,bund,MERA25,partei,0.014,%,"Bundeswahlleiterin, BTW 2025 (kerg2)"
stimmenanteil,2025,Deutschland,bund,WerteUnion,partei,0.014,%,"Bundeswahlleiterin, BTW 2025 (kerg2)"
wahlbeteiligung,2025,Schleswig-Holstein,land,gesamt,gesamt,83.523,%,"Bundeswahlleiterin, BTW 2025 (kerg2)"
wahlbeteiligung,2021,Schleswig-Holstein,land,gesamt,gesamt,78.151,%,"Bundeswahlleiterin, BTW 2025 (kerg2)"
stimmenanteil,2025,Schleswig-Holstein,land,SPD,partei,18.752,%,"Bundeswahlleiterin, BTW 2025 (kerg2)"
stimmenanteil,2021,Schleswig-Holstein,land,SPD,partei,28.027,%,"Bundeswahlleiterin, BTW 2025 (kerg2)"
stimmenanteil,2025,Schleswig-Holstein,land,CDU,partei,27.576,%,"Bundeswahlleiterin, BTW 2025 (kerg2)"
stimmenanteil,2021,Schleswig-Holstein,land,CDU,partei,22.034,%,"Bundeswahlleiterin, BTW 2025 (kerg2)"
stimmenanteil,2025,Schleswig-Holstein,land,GRÜNE,partei,14.889,%,"Bundeswahlleiterin, BTW 2025 (kerg2)"
stimmenanteil,2021,Schleswig-Holstein,land,GRÜNE,partei,18.31,%,"Bundeswahlleiterin, BTW 2025 (kerg2)"
stimmenanteil,2025,Schleswig-Holstein,land,FDP,partei,4.689,%,"Bundeswahlleiterin, BTW 2025 (kerg2)"
stimmenanteil,2021,Schleswig-Holstein,land,FDP,partei,12.483,%,"Bundeswahlleiterin, BTW 2025 (kerg2)"
stimmenanteil,2025,Schleswig-Holstein,land,AfD,partei,16.285,%,"Bundeswahlleiterin, BTW 2025 (kerg2)"
stimmenanteil,2021,Schleswig-Holstein,land,AfD,partei,6.783,%,"Bundeswahlleiterin, BTW 2025 (kerg2)"
stimmenanteil,2025,Schleswig-Holstein,land,Die Linke,partei,7.789,%,"Bundeswahlleiterin, BTW 2025 (kerg2)"
stimmenanteil,2021,Schleswig-Holstein,land,Die Linke,partei,3.644,%,"Bundeswahlleiterin, BTW 2025 (kerg2)"
stimmenanteil,2025,Schleswig-Holstein,land,SSW,partei,4.05,%,"Bundeswahlleiterin, BTW 2025 (kerg2)"
stimmenanteil,2021,Schleswig-Holstein,land,SSW,partei,3.153,%,"Bundeswahlleiterin, BTW 2025 (kerg2)"
stimmenanteil,2025,Schleswig-Holstein,land,Die PARTEI,partei,0.73,%,"Bundeswahlleiterin, BTW 2025 (kerg2)"
stimmenanteil,2021,Schleswig-Holstein,land,Die PARTEI,partei,1.014,%,"Bundeswahlleiterin, BTW 2025 (kerg2)"
stimmenanteil,2025,Schleswig-Holstein,land,FREIE WÄHLER,partei,0.727,%,"Bundeswahlleiterin, BTW 2025 (kerg2)"
stimmenanteil,2021,Schleswig-Holstein,land,FREIE WÄHLER,partei,0.967,%,"Bundeswahlleiterin, BTW 2025 (kerg2)"
stimmenanteil,2025,Schleswig-Holstein,land,Volt,partei,0.877,%,"Bundeswahlleiterin, BTW 2025 (kerg2)"
stimmenanteil,2021,Schleswig-Holstein,land,Volt,partei,0.236,%,"Bundeswahlleiterin, BTW 2025 (kerg2)"
stimmenanteil,2025,Schleswig-Holstein,land,MLPD,partei,0.031,%,"Bundeswahlleiterin, BTW 2025 (kerg2)"
stimmenanteil,2021,Schleswig-Holstein,land,MLPD,partei,0.018,%,"Bundeswahlleiterin, BTW 2025 (kerg2)"
stimmenanteil,2025,Schleswig-Holstein,land,BÜNDNIS DEUTSCHLAND,partei,0.159,%,"Bundeswahlleiterin, BTW 2025 (kerg2)"
stimmenanteil,2025,Schleswig-Holstein,land,BSW,partei,3.446,%,"Bundeswahlleiterin, BTW 2025 (kerg2)"
stimmenanteil,2021,Schleswig-Holstein,land,dieBasis,partei,1.328,%,"Bundeswahlleiterin, BTW 2025 (kerg2)"
stimmenanteil,2021,Schleswig-Holstein,land,Team Todenhöfer,partei,0.301,%,"Bundeswahlleiterin, BTW 2025 (kerg2)"
stimmenanteil,2021,Schleswig-Holstein,land,ÖDP,partei,0.087,%,"Bundeswahlleiterin, BTW 2025 (kerg2)"
stimmenanteil,2021,Schleswig-Holstein,land,PdH,partei,0.1,%,"Bundeswahlleiterin, BTW 2025 (kerg2)"
stimmenanteil,2021,Schleswig-Holstein,land,Tierschutzpartei,partei,1.172,%,"Bundeswahlleiterin, BTW 2025 (kerg2)"
wahlbeteiligung,2025,Mecklenburg-Vorpommern,land,gesamt,gesamt,79.479,%,"Bundeswahlleiterin, BTW 2025 (kerg2)"
wahlbeteiligung,2021,Mecklenburg-Vorpommern,land,gesamt,gesamt,71.136,%,"Bundeswahlleiterin, BTW 2025 (kerg2)"
stimmenanteil,2025,Mecklenburg-Vorpommern,land,SPD,partei,12.405,%,"Bundeswahlleiterin, BTW 2025 (kerg2)"
stimmenanteil,2021,Mecklenburg-Vorpommern,land,SPD,partei,29.098,%,"Bundeswahlleiterin, BTW 2025 (kerg2)"
stimmenanteil,2025,Mecklenburg-Vorpommern,land,AfD,partei,34.993,%,"Bundeswahlleiterin, BTW 2025 (kerg2)"
stimmenanteil,2021,Mecklenburg-Vorpommern,land,AfD,partei,17.994,%,"Bundeswahlleiterin, BTW 2025 (kerg2)"
stimmenanteil,2025,Mecklenburg-Vorpommern,land,CDU,partei,17.817,%,"Bundeswahlleiterin, BTW 2025 (kerg2)"
stimmenanteil,2021,Mecklenburg-Vorpommern,land,CDU,partei,17.424,%,"Bundeswahlleiterin, BTW 2025 (kerg2)"
stimmenanteil,2025,Mecklenburg-Vorpommern,land,Die Linke,partei,12.05,%,"Bundeswahlleiterin, BTW 2025 (kerg2)"
stimmenanteil,2021,Mecklenburg-Vorpommern,land,Die Linke,partei,11.072,%,"Bundeswahlleiterin, BTW 2025 (kerg2)"
stimmenanteil,2025,Mecklenburg-Vorpommern,land,FDP,partei,3.2,%,"Bundeswahlleiterin, BTW 2025 (kerg2)"
stimmenanteil,2021,Mecklenburg-Vorpommern,land,FDP,partei,8.223,%,"Bundeswahlleiterin, BTW 2025 (kerg2)"
stimmenanteil,2025,Mecklenburg-Vorpommern,land,GRÜNE,partei,5.358,%,"Bundeswahlleiterin, BTW 2025 (kerg2)"
stimmenanteil,2021,Mecklenburg-Vorpommern,land,GRÜNE,partei,7.831,%,"Bundeswahlleiterin, BTW 2025 (kerg2)"
stimmenanteil,2025,Mecklenburg-Vorpommern,land,Tierschutzpartei,partei,1.533,%,"Bundeswahlleiterin, BTW 2025 (kerg2)"
stimmenanteil,2021,Mecklenburg-Vorpommern,land,Tierschutzpartei,partei,2.24,%,"Bundeswahlleiterin, BTW 2025 (kerg2)"
stimmenanteil,2025,Mecklenburg-Vorpommern,land,FREIE WÄHLER,partei,1.059,%,"Bundeswahlleiterin, BTW 2025 (kerg2)"
stimmenanteil,2021,Mecklenburg-Vorpommern,land,FREIE WÄHLER,partei,1.452,%,"Bundeswahlleiterin, BTW 2025 (kerg2)"
stimmenanteil,2025,Mecklenburg-Vorpommern,land,Volt,partei,0.622,%,"Bundeswahlleiterin, BTW 2025 (kerg2)"
stimmenanteil,2021,Mecklenburg-Vorpommern,land,Volt,partei,0.207,%,"Bundeswahlleiterin, BTW 2025 (kerg2)"
stimmenanteil,2025,Mecklenburg-Vorpommern,land,MLPD,partei,0.082,%,"Bundeswahlleiterin, BTW 2025 (kerg2)"
stimmenanteil,2021,Mecklenburg-Vorpommern,land,MLPD,partei,0.077,%,"Bundeswahlleiterin, BTW 2025 (kerg2)"
stimmenanteil,2025,Mecklenburg-Vorpommern,land,BÜNDNIS DEUTSCHLAND,partei,0.318,%,"Bundeswahlleiterin, BTW 2025 (kerg2)"
stimmenanteil,2025,Mecklenburg-Vorpommern,land,BSW,partei,10.563,%,"Bundeswahlleiterin, BTW 2025 (kerg2)"
stimmenanteil,2021,Mecklenburg-Vorpommern,land,dieBasis,partei,1.778,%,"Bundeswahlleiterin, BTW 2025 (kerg2)"
stimmenanteil,2021,Mecklenburg-Vorpommern,land,Team Todenhöfer,partei,0.234,%,"Bundeswahlleiterin, BTW 2025 (kerg2)"
stimmenanteil,2021,Mecklenburg-Vorpommern,land,ÖDP,partei,0.129,%,"Bundeswahlleiterin, BTW 2025 (kerg2)"
stimmenanteil,2021,Mecklenburg-Vorpommern,land,PdH,partei,0.139,%,"Bundeswahlleiterin, BTW 2025 (kerg2)"
stimmenanteil,2021,Mecklenburg-Vorpommern,land,Die PARTEI,partei,0.86,%,"Bundeswahlleiterin, BTW 2025 (kerg2)"
stimmenanteil,2021,Mecklenburg-Vorpommern,land,PIRATEN,partei,0.464,%,"Bundeswahlleiterin, BTW 2025 (kerg2)"
wahlbeteiligung,2025,Hamburg,land,gesamt,gesamt,80.875,%,"Bundeswahlleiterin, BTW 2025 (kerg2)"
wahlbeteiligung,2021,Hamburg,land,gesamt,gesamt,77.845,%,"Bundeswahlleiterin, BTW 2025 (kerg2)"
stimmenanteil,2025,Hamburg,land,SPD,partei,22.737,%,"Bundeswahlleiterin, BTW 2025 (kerg2)"
stimmenanteil,2021,Hamburg,land,SPD,partei,29.67,%,"Bundeswahlleiterin, BTW 2025 (kerg2)"
stimmenanteil,2025,Hamburg,land,GRÜNE,partei,19.291,%,"Bundeswahlleiterin, BTW 2025 (kerg2)"
stimmenanteil,2021,Hamburg,land,GRÜNE,partei,24.915,%,"Bundeswahlleiterin, BTW 2025 (kerg2)"
stimmenanteil,2025,Hamburg,land,CDU,partei,20.747,%,"Bundeswahlleiterin, BTW 2025 (kerg2)"
stimmenanteil,2021,Hamburg,land,CDU,partei,15.436,%,"Bundeswahlleiterin, BTW 2025 (kerg2)"
stimmenanteil,2025,Hamburg,land,FDP,partei,4.506,%,"Bundeswahlleiterin, BTW 2025 (kerg2)"
stimmenanteil,2021,Hamburg,land,FDP,partei,11.397,%,"Bundeswahlleiterin, BTW 2025 (kerg2)"
stimmenanteil,2025,Hamburg,land,Die Linke,partei,14.452,%,"Bundeswahlleiterin, BTW 2025 (kerg2)"
stimmenanteil,2021,Hamburg,land,Die Linke,partei,6.721,%,"Bundeswahlleiterin, BTW 2025 (kerg2)"
stimmenanteil,2025,Hamburg,land,AfD,partei,10.865,%,"Bundeswahlleiterin, BTW 2025 (kerg2)"
stimmenanteil,2021,Hamburg,land,AfD,partei,5.026,%,"Bundeswahlleiterin, BTW 2025 (kerg2)"
stimmenanteil,2025,Hamburg,land,Tierschutzpartei,partei,0.931,%,"Bundeswahlleiterin, BTW 2025 (kerg2)"
stimmenanteil,2021,Hamburg,land,Tierschutzpartei,partei,1.226,%,"Bundeswahlleiterin, BTW 2025 (kerg2)"
stimmenanteil,2025,Hamburg,land,Die PARTEI,partei,0.432,%,"Bundeswahlleiterin, BTW 2025 (kerg2)"
stimmenanteil,2021,Hamburg,land,Die PARTEI,partei,1.009,%,"Bundeswahlleiterin, BTW 2025 (kerg2)"
stimmenanteil,2025,Hamburg,land,FREIE WÄHLER,partei,0.37,%,"Bundeswahlleiterin, BTW 2025 (kerg2)"
stimmenanteil,2021,Hamburg,land,FREIE WÄHLER,partei,0.557,%,"Bundeswahlleiterin, BTW 2025 (kerg2)"
stimmenanteil,2025,Hamburg,land,Volt,partei,1.487,%,"Bundeswahlleiterin, BTW 2025 (kerg2)"
stimmenanteil,2021,Hamburg,land,Volt,partei,0.54,%,"Bundeswahlleiterin, BTW 2025 (kerg2)"
stimmenanteil,2025,Hamburg,land,MLPD,partei,0.05,%,"Bundeswahlleiterin, BTW 2025 (kerg2)"
stimmenanteil,2021,Hamburg,land,MLPD,partei,0.035,%,"Bundeswahlleiterin, BTW 2025 (kerg2)"
stimmenanteil,2025,Hamburg,land,BÜNDNIS DEUTSCHLAND,partei,0.122,%,"Bundeswahlleiterin, BTW 2025 (kerg2)"
stimmenanteil,2025,Hamburg,land,BSW,partei,4.009,%,"Bundeswahlleiterin, BTW 2025 (kerg2)"
stimmenanteil,2021,Hamburg,land,dieBasis,partei,1.388,%,"Bundeswahlleiterin, BTW 2025 (kerg2)"
stimmenanteil,2021,Hamburg,land,Team Todenhöfer,partei,0.89,%,"Bundeswahlleiterin, BTW 2025 (kerg2)"
stimmenanteil,2021,Hamburg,land,ÖDP,partei,0.2,%,"Bundeswahlleiterin, BTW 2025 (kerg2)"
stimmenanteil,2021,Hamburg,land,PdH,partei,0.12,%,"Bundeswahlleiterin, BTW 2025 (kerg2)"
stimmenanteil,2021,Hamburg,land,PIRATEN,partei,0.435,%,"Bundeswahlleiterin, BTW 2025 (kerg2)"
wahlbeteiligung,2025,Niedersachsen,land,gesamt,gesamt,83.418,%,"Bundeswahlleiterin, BTW 2025 (kerg2)"
wahlbeteiligung,2021,Niedersachsen,land,gesamt,gesamt,74.74,%,"Bundeswahlleiterin, BTW 2025 (kerg2)"
stimmenanteil,2025,Niedersachsen,land,SPD,partei,23.0,%,"Bundeswahlleiterin, BTW 2025 (kerg2)"
stimmenanteil,2021,Niedersachsen,land,SPD,partei,33.129,%,"Bundeswahlleiterin, BTW 2025 (kerg2)"
stimmenanteil,2025,Niedersachsen,land,CDU,partei,28.122,%,"Bundeswahlleiterin, BTW 2025 (kerg2)"
stimmenanteil,2021,Niedersachsen,land,CDU,partei,24.177,%,"Bundeswahlleiterin, BTW 2025 (kerg2)"
stimmenanteil,2025,Niedersachsen,land,GRÜNE,partei,11.502,%,"Bundeswahlleiterin, BTW 2025 (kerg2)"
stimmenanteil,2021,Niedersachsen,land,GRÜNE,partei,16.064,%,"Bundeswahlleiterin, BTW 2025 (kerg2)"
stimmenanteil,2025,Niedersachsen,land,FDP,partei,4.091,%,"Bundeswahlleiterin, BTW 2025 (kerg2)"
stimmenanteil,2021,Niedersachsen,land,FDP,partei,10.493,%,"Bundeswahlleiterin, BTW 2025 (kerg2)"
stimmenanteil,2025,Niedersachsen,land,AfD,partei,17.836,%,"Bundeswahlleiterin, BTW 2025 (kerg2)"
stimmenanteil,2021,Niedersachsen,land,AfD,partei,7.438,%,"Bundeswahlleiterin, BTW 2025 (kerg2)"
stimmenanteil,2025,Niedersachsen,land,Die Linke,partei,8.086,%,"Bundeswahlleiterin, BTW 2025 (kerg2)"
stimmenanteil,2021,Niedersachsen,land,Die Linke,partei,3.287,%,"Bundeswahlleiterin, BTW 2025 (kerg2)"
stimmenanteil,2025,Niedersachsen,land,Tierschutzpartei,partei,1.159,%,"Bundeswahlleiterin, BTW 2025 (kerg2)"
stimmenanteil,2021,Niedersachsen,land,Tierschutzpartei,partei,1.281,%,"Bundeswahlleiterin, BTW 2025 (kerg2)"
stimmenanteil,2025,Niedersachsen,land,dieBasis,partei,0.249,%,"Bundeswahlleiterin, BTW 2025 (kerg2)"
stimmenanteil,2021,Niedersachsen,land,dieBasis,partei,1.025,%,"Bundeswahlleiterin, BTW 2025 (kerg2)"
stimmenanteil,2025,Niedersachsen,land,Die PARTEI,partei,0.446,%,"Bundeswahlleiterin, BTW 2025 (kerg2)"
stimmenanteil,2021,Niedersachsen,land,Die PARTEI,partei,0.888,%,"Bundeswahlleiterin, BTW 2025 (kerg2)"
stimmenanteil,2025,Niedersachsen,land,FREIE WÄHLER,partei,0.75,%,"Bundeswahlleiterin, BTW 2025 (kerg2)"
stimmenanteil,2021,Niedersachsen,land,FREIE WÄHLER,partei,0.823,%,"Bundeswahlleiterin, BTW 2025 (kerg2)"
stimmenanteil,2025,Niedersachsen,land,PIRATEN,partei,0.16,%,"Bundeswahlleiterin, BTW 2025 (kerg2)"
stimmenanteil,2021,Niedersachsen,land,PIRATEN,partei,0.375,%,"Bundeswahlleiterin, BTW 2025 (kerg2)"
stimmenanteil,2025,Niedersachsen,land,Volt,partei,0.608,%,"Bundeswahlleiterin, BTW 2025 (kerg2)"
stimmenanteil,2021,Niedersachsen,land,Volt,partei,0.263,%,"Bundeswahlleiterin, BTW 2025 (kerg2)"
stimmenanteil,2025,Niedersachsen,land,PdH,partei,0.067,%,"Bundeswahlleiterin, BTW 2025 (kerg2)"
stimmenanteil,2021,Niedersachsen,land,PdH,partei,0.084,%,"Bundeswahlleiterin, BTW 2025 (kerg2)"
stimmenanteil,2025,Niedersachsen,land,MLPD,partei,0.025,%,"Bundeswahlleiterin, BTW 2025 (kerg2)"
stimmenanteil,2021,Niedersachsen,land,MLPD,partei,0.018,%,"Bundeswahlleiterin, BTW 2025 (kerg2)"
stimmenanteil,2025,Niedersachsen,land,BÜNDNIS DEUTSCHLAND,partei,0.125,%,"Bundeswahlleiterin, BTW 2025 (kerg2)"
stimmenanteil,2025,Niedersachsen,land,BSW,partei,3.776,%,"Bundeswahlleiterin, BTW 2025 (kerg2)"
stimmenanteil,2021,Niedersachsen,land,Team Todenhöfer,partei,0.3,%,"Bundeswahlleiterin, BTW 2025 (kerg2)"
stimmenanteil,2021,Niedersachsen,land,ÖDP,partei,0.077,%,"Bundeswahlleiterin, BTW 2025 (kerg2)"
wahlbeteiligung,2025,Bremen,land,gesamt,gesamt,77.762,%,"Bundeswahlleiterin, BTW 2025 (kerg2)"
wahlbeteiligung,2021,Bremen,land,gesamt,gesamt,71.872,%,"Bundeswahlleiterin, BTW 2025 (kerg2)"
stimmenanteil,2025,Bremen,land,SPD,partei,23.145,%,"Bundeswahlleiterin, BTW 2025 (kerg2)"
stimmenanteil,2021,Bremen,land,SPD,partei,31.467,%,"Bundeswahlleiterin, BTW 2025 (kerg2)"
stimmenanteil,2025,Bremen,land,GRÜNE,partei,15.586,%,"Bundeswahlleiterin, BTW 2025 (kerg2)"
stimmenanteil,2021,Bremen,land,GRÜNE,partei,20.859,%,"Bundeswahlleiterin, BTW 2025 (kerg2)"
stimmenanteil,2025,Bremen,land,CDU,partei,20.552,%,"Bundeswahlleiterin, BTW 2025 (kerg2)"
stimmenanteil,2021,Bremen,land,CDU,partei,17.223,%,"Bundeswahlleiterin, BTW 2025 (kerg2)"
stimmenanteil,2025,Bremen,land,FDP,partei,3.53,%,"Bundeswahlleiterin, BTW 2025 (kerg2)"
stimmenanteil,2021,Bremen,land,FDP,partei,9.292,%,"Bundeswahlleiterin, BTW 2025 (kerg2)"
stimmenanteil,2025,Bremen,land,Die Linke,partei,14.777,%,"Bundeswahlleiterin, BTW 2025 (kerg2)"
stimmenanteil,2021,Bremen,land,Die Linke,partei,7.728,%,"Bundeswahlleiterin, BTW 2025 (kerg2)"
stimmenanteil,2025,Bremen,land,AfD,partei,15.074,%,"Bundeswahlleiterin, BTW 2025 (kerg2)"
stimmenanteil,2021,Bremen,land,AfD,partei,6.882,%,"Bundeswahlleiterin, BTW 2025 (kerg2)"
stimmenanteil,2025,Bremen,land,Die PARTEI,partei,0.741,%,"Bundeswahlleiterin, BTW 2025 (kerg2)"
stimmenanteil,2021,Bremen,land,Die PARTEI,partei,1.192,%,"Bundeswahlleiterin, BTW 2025 (kerg2)"
stimmenanteil,2025,Bremen,land,FREIE WÄHLER,partei,0.465,%,"Bundeswahlleiterin, BTW 2025 (kerg2)"
stimmenanteil,2021,Bremen,land,FREIE WÄHLER,partei,0.887,%,"Bundeswahlleiterin, BTW 2025 (kerg2)"
stimmenanteil,2025,Bremen,land,Volt,partei,1.101,%,"Bundeswahlleiterin, BTW 2025 (kerg2)"
stimmenanteil,2021,Bremen,land,Volt,partei,0.403,%,"Bundeswahlleiterin, BTW 2025 (kerg2)"
stimmenanteil,2025,Bremen,land,MENSCHLICHE WELT,partei,0.199,%,"Bundeswahlleiterin, BTW 2025 (kerg2)"
stimmenanteil,2021,Bremen,land,MENSCHLICHE WELT,partei,0.118,%,"Bundeswahlleiterin, BTW 2025 (kerg2)"
stimmenanteil,2025,Bremen,land,MLPD,partei,0.059,%,"Bundeswahlleiterin, BTW 2025 (kerg2)"
stimmenanteil,2021,Bremen,land,MLPD,partei,0.049,%,"Bundeswahlleiterin, BTW 2025 (kerg2)"
stimmenanteil,2025,Bremen,land,BÜNDNIS DEUTSCHLAND,partei,0.268,%,"Bundeswahlleiterin, BTW 2025 (kerg2)"
stimmenanteil,2025,Bremen,land,BSW,partei,4.34,%,"Bundeswahlleiterin, BTW 2025 (kerg2)"
stimmenanteil,2025,Bremen,land,MERA25,partei,0.075,%,"Bundeswahlleiterin, BTW 2025 (kerg2)"
stimmenanteil,2025,Bremen,land,Verjüngungsforschung,partei,0.087,%,"Bundeswahlleiterin, BTW 2025 (kerg2)"
stimmenanteil,2021,Bremen,land,dieBasis,partei,1.055,%,"Bundeswahlleiterin, BTW 2025 (kerg2)"
stimmenanteil,2021,Bremen,land,Team Todenhöfer,partei,0.919,%,"Bundeswahlleiterin, BTW 2025 (kerg2)"
stimmenanteil,2021,Bremen,land,ÖDP,partei,0.124,%,"Bundeswahlleiterin, BTW 2025 (kerg2)"
stimmenanteil,2021,Bremen,land,PdH,partei,0.18,%,"Bundeswahlleiterin, BTW 2025 (kerg2)"
stimmenanteil,2021,Bremen,land,Tierschutzpartei,partei,1.377,%,"Bundeswahlleiterin, BTW 2025 (kerg2)"
wahlbeteiligung,2025,Brandenburg,land,gesamt,gesamt,81.566,%,"Bundeswahlleiterin, BTW 2025 (kerg2)"
wahlbeteiligung,2021,Brandenburg,land,gesamt,gesamt,75.626,%,"Bundeswahlleiterin, BTW 2025 (kerg2)"
stimmenanteil,2025,Brandenburg,land,SPD,partei,14.812,%,"Bundeswahlleiterin, BTW 2025 (kerg2)"
stimmenanteil,2021,Brandenburg,land,SPD,partei,29.456,%,"Bundeswahlleiterin, BTW 2025 (kerg2)"
stimmenanteil,2025,Brandenburg,land,AfD,partei,32.493,%,"Bundeswahlleiterin, BTW 2025 (kerg2)"
stimmenanteil,2021,Brandenburg,land,AfD,partei,18.136,%,"Bundeswahlleiterin, BTW 2025 (kerg2)"
stimmenanteil,2025,Brandenburg,land,CDU,partei,18.093,%,"Bundeswahlleiterin, BTW 2025 (kerg2)"
stimmenanteil,2021,Brandenburg,land,CDU,partei,15.291,%,"Bundeswahlleiterin, BTW 2025 (kerg2)"
stimmenanteil,2025,Brandenburg,land,FDP,partei,3.246,%,"Bundeswahlleiterin, BTW 2025 (kerg2)"
stimmenanteil,2021,Brandenburg,land,FDP,partei,9.311,%,"Bundeswahlleiterin, BTW 2025 (kerg2)"
stimmenanteil,2025,Brandenburg,land,GRÜNE,partei,6.592,%,"Bundeswahlleiterin, BTW 2025 (kerg2)"
stimmenanteil,2021,Brandenburg,land,GRÜNE,partei,8.987,%,"Bundeswahlleiterin, BTW 2025 (kerg2)"
stimmenanteil,2025,Brandenburg,land,Die Linke,partei,10.698,%,"Bundeswahlleiterin, BTW 2025 (kerg2)"
stimmenanteil,2021,Brandenburg,land,Die Linke,partei,8.483,%,"Bundeswahlleiterin, BTW 2025 (kerg2)"
stimmenanteil,2025,Brandenburg,land,FREIE WÄHLER,partei,1.455,%,"Bundeswahlleiterin, BTW 2025 (kerg2)"
stimmenanteil,2021,Brandenburg,land,FREIE WÄHLER,partei,2.648,%,"Bundeswahlleiterin, BTW 2025 (kerg2)"
stimmenanteil,2025,Brandenburg,land,Die PARTEI,partei,0.893,%,"Bundeswahlleiterin, BTW 2025 (kerg2)"
stimmenanteil,2021,Brandenburg,land,Die PARTEI,partei,1.255,%,"Bundeswahlleiterin, BTW 2025 (kerg2)"
stimmenanteil,2025,Brandenburg,land,Volt,partei,0.69,%,"Bundeswahlleiterin, BTW 2025 (kerg2)"
stimmenanteil,2021,Brandenburg,land,Volt,partei,0.281,%,"Bundeswahlleiterin, BTW 2025 (kerg2)"
stimmenanteil,2025,Brandenburg,land,MLPD,partei,0.068,%,"Bundeswahlleiterin, BTW 2025 (kerg2)"
stimmenanteil,2021,Brandenburg,land,MLPD,partei,0.055,%,"Bundeswahlleiterin, BTW 2025 (kerg2)"
stimmenanteil,2025,Brandenburg,land,BÜNDNIS DEUTSCHLAND,partei,0.252,%,"Bundeswahlleiterin, BTW 2025 (kerg2)"
stimmenanteil,2025,Brandenburg,land,BSW,partei,10.708,%,"Bundeswahlleiterin, BTW 2025 (kerg2)"
stimmenanteil,2021,Brandenburg,land,dieBasis,partei,1.508,%,"Bundeswahlleiterin, BTW 2025 (kerg2)"
stimmenanteil,2021,Brandenburg,land,Team Todenhöfer,partei,0.219,%,"Bundeswahlleiterin, BTW 2025 (kerg2)"
stimmenanteil,2021,Brandenburg,land,ÖDP,partei,0.185,%,"Bundeswahlleiterin, BTW 2025 (kerg2)"
stimmenanteil,2021,Brandenburg,land,PdH,partei,0.124,%,"Bundeswahlleiterin, BTW 2025 (kerg2)"
stimmenanteil,2021,Brandenburg,land,Tierschutzpartei,partei,2.603,%,"Bundeswahlleiterin, BTW 2025 (kerg2)"
stimmenanteil,2021,Brandenburg,land,PIRATEN,partei,0.414,%,"Bundeswahlleiterin, BTW 2025 (kerg2)"
wahlbeteiligung,2025,Sachsen-Anhalt,land,gesamt,gesamt,77.698,%,"Bundeswahlleiterin, BTW 2025 (kerg2)"
wahlbeteiligung,2021,Sachsen-Anhalt,land,gesamt,gesamt,67.872,%,"Bundeswahlleiterin, BTW 2025 (kerg2)"
stimmenanteil,2025,Sachsen-Anhalt,land,SPD,partei,10.957,%,"Bundeswahlleiterin, BTW 2025 (kerg2)"
stimmenanteil,2021,Sachsen-Anhalt,land,SPD,partei,25.383,%,"Bundeswahlleiterin, BTW 2025 (kerg2)"
stimmenanteil,2025,Sachsen-Anhalt,land,CDU,partei,19.183,%,"Bundeswahlleiterin, BTW 2025 (kerg2)"
stimmenanteil,2021,Sachsen-Anhalt,land,CDU,partei,20.99,%,"Bundeswahlleiterin, BTW 2025 (kerg2)"
stimmenanteil,2025,Sachsen-Anhalt,land,AfD,partei,37.097,%,"Bundeswahlleiterin, BTW 2025 (kerg2)"
stimmenanteil,2021,Sachsen-Anhalt,land,AfD,partei,19.593,%,"Bundeswahlleiterin, BTW 2025 (kerg2)"
stimmenanteil,2025,Sachsen-Anhalt,land,Die Linke,partei,10.753,%,"Bundeswahlleiterin, BTW 2025 (kerg2)"
stimmenanteil,2021,Sachsen-Anhalt,land,Die Linke,partei,9.595,%,"Bundeswahlleiterin, BTW 2025 (kerg2)"
stimmenanteil,2025,Sachsen-Anhalt,land,FDP,partei,3.085,%,"Bundeswahlleiterin, BTW 2025 (kerg2)"
stimmenanteil,2021,Sachsen-Anhalt,land,FDP,partei,9.487,%,"Bundeswahlleiterin, BTW 2025 (kerg2)"
stimmenanteil,2025,Sachsen-Anhalt,land,GRÜNE,partei,4.417,%,"Bundeswahlleiterin, BTW 2025 (kerg2)"
stimmenanteil,2021,Sachsen-Anhalt,land,GRÜNE,partei,6.548,%,"Bundeswahlleiterin, BTW 2025 (kerg2)"
stimmenanteil,2025,Sachsen-Anhalt,land,FREIE WÄHLER,partei,1.38,%,"Bundeswahlleiterin, BTW 2025 (kerg2)"
stimmenanteil,2021,Sachsen-Anhalt,land,FREIE WÄHLER,partei,1.873,%,"Bundeswahlleiterin, BTW 2025 (kerg2)"
stimmenanteil,2025,Sachsen-Anhalt,land,Die PARTEI,partei,0.825,%,"Bundeswahlleiterin, BTW 2025 (kerg2)"
stimmenanteil,2021,Sachsen-Anhalt,land,Die PARTEI,partei,0.812,%,"Bundeswahlleiterin, BTW 2025 (kerg2)"
stimmenanteil,2025,Sachsen-Anhalt,land,Volt,partei,0.634,%,"Bundeswahlleiterin, BTW 2025 (kerg2)"
stimmenanteil,2021,Sachsen-Anhalt,land,Volt,partei,0.174,%,"Bundeswahlleiterin, BTW 2025 (kerg2)"
stimmenanteil,2025,Sachsen-Anhalt,land,MLPD,partei,0.085,%,"Bundeswahlleiterin, BTW 2025 (kerg2)"
stimmenanteil,2021,Sachsen-Anhalt,land,MLPD,partei,0.087,%,"Bundeswahlleiterin, BTW 2025 (kerg2)"
stimmenanteil,2025,Sachsen-Anhalt,land,BÜNDNIS DEUTSCHLAND,partei,0.338,%,"Bundeswahlleiterin, BTW 2025 (kerg2)"
stimmenanteil,2025,Sachsen-Anhalt,land,BSW,partei,11.247,%,"Bundeswahlleiterin, BTW 2025 (kerg2)"
stimmenanteil,2021,Sachsen-Anhalt,land,dieBasis,partei,1.598,%,"Bundeswahlleiterin, BTW 2025 (kerg2)"
stimmenanteil,2021,Sachsen-Anhalt,land,ÖDP,partei,0.07,%,"Bundeswahlleiterin, BTW 2025 (kerg2)"
stimmenanteil,2021,Sachsen-Anhalt,land,PdH,partei,0.118,%,"Bundeswahlleiterin, BTW 2025 (kerg2)"
stimmenanteil,2021,Sachsen-Anhalt,land,Tierschutzpartei,partei,1.205,%,"Bundeswahlleiterin, BTW 2025 (kerg2)"
stimmenanteil,2021,Sachsen-Anhalt,land,PIRATEN,partei,0.338,%,"Bundeswahlleiterin, BTW 2025 (kerg2)"
wahlbeteiligung,2025,Berlin,land,gesamt,gesamt,80.309,%,"Bundeswahlleiterin, BTW 2025 (kerg2)"
wahlbeteiligung,2021,Berlin,land,gesamt,gesamt,69.484,%,"Bundeswahlleiterin, BTW 2025 (kerg2)"
stimmenanteil,2025,Berlin,land,SPD,partei,15.141,%,"Bundeswahlleiterin, BTW 2025 (kerg2)"
stimmenanteil,2021,Berlin,land,SPD,partei,22.247,%,"Bundeswahlleiterin, BTW 2025 (kerg2)"
stimmenanteil,2025,Berlin,land,GRÜNE,partei,16.826,%,"Bundeswahlleiterin, BTW 2025 (kerg2)"
stimmenanteil,2021,Berlin,land,GRÜNE,partei,22.029,%,"Bundeswahlleiterin, BTW 2025 (kerg2)"
stimmenanteil,2025,Berlin,land,CDU,partei,18.266,%,"Bundeswahlleiterin, BTW 2025 (kerg2)"
stimmenanteil,2021,Berlin,land,CDU,partei,17.181,%,"Bundeswahlleiterin, BTW 2025 (kerg2)"
stimmenanteil,2025,Berlin,land,Die Linke,partei,19.862,%,"Bundeswahlleiterin, BTW 2025 (kerg2)"
stimmenanteil,2021,Berlin,land,Die Linke,partei,11.528,%,"Bundeswahlleiterin, BTW 2025 (kerg2)"
stimmenanteil,2025,Berlin,land,AfD,partei,15.234,%,"Bundeswahlleiterin, BTW 2025 (kerg2)"
stimmenanteil,2021,Berlin,land,AfD,partei,9.449,%,"Bundeswahlleiterin, BTW 2025 (kerg2)"
stimmenanteil,2025,Berlin,land,FDP,partei,3.8,%,"Bundeswahlleiterin, BTW 2025 (kerg2)"
stimmenanteil,2021,Berlin,land,FDP,partei,8.14,%,"Bundeswahlleiterin, BTW 2025 (kerg2)"
stimmenanteil,2025,Berlin,land,Tierschutzpartei,partei,1.507,%,"Bundeswahlleiterin, BTW 2025 (kerg2)"
stimmenanteil,2021,Berlin,land,Tierschutzpartei,partei,2.591,%,"Bundeswahlleiterin, BTW 2025 (kerg2)"
stimmenanteil,2025,Berlin,land,Die PARTEI,partei,0.661,%,"Bundeswahlleiterin, BTW 2025 (kerg2)"
stimmenanteil,2021,Berlin,land,Die PARTEI,partei,1.616,%,"Bundeswahlleiterin, BTW 2025 (kerg2)"
stimmenanteil,2025,Berlin,land,Team Todenhöfer,partei,0.232,%,"Bundeswahlleiterin, BTW 2025 (kerg2)"
stimmenanteil,2021,Berlin,land,Team Todenhöfer,partei,1.039,%,"Bundeswahlleiterin, BTW 2025 (kerg2)"
stimmenanteil,2025,Berlin,land,FREIE WÄHLER,partei,0.328,%,"Bundeswahlleiterin, BTW 2025 (kerg2)"
stimmenanteil,2021,Berlin,land,FREIE WÄHLER,partei,0.889,%,"Bundeswahlleiterin, BTW 2025 (kerg2)"
stimmenanteil,2025,Berlin,land,Volt,partei,0.935,%,"Bundeswahlleiterin, BTW 2025 (kerg2)"
stimmenanteil,2021,Berlin,land,Volt,partei,0.622,%,"Bundeswahlleiterin, BTW 2025 (kerg2)"
stimmenanteil,2025,Berlin,land,MLPD,partei,0.047,%,"Bundeswahlleiterin, BTW 2025 (kerg2)"
stimmenanteil,2021,Berlin,land,MLPD,partei,0.045,%,"Bundeswahlleiterin, BTW 2025 (kerg2)"
stimmenanteil,2025,Berlin,land,BüSo,partei,0.035,%,"Bundeswahlleiterin, BTW 2025 (kerg2)"
stimmenanteil,2021,Berlin,land,BüSo,partei,0.04,%,"Bundeswahlleiterin, BTW 2025 (kerg2)"
stimmenanteil,2025,Berlin,land,SGP,partei,0.022,%,"Bundeswahlleiterin, BTW 2025 (kerg2)"
stimmenanteil,2021,Berlin,land,SGP,partei,0.025,%,"Bundeswahlleiterin, BTW 2025 (kerg2)"
stimmenanteil,2025,Berlin,land,BÜNDNIS DEUTSCHLAND,partei,0.152,%,"Bundeswahlleiterin, BTW 2025 (kerg2)"
stimmenanteil,2025,Berlin,land,BSW,partei,6.65,%,"Bundeswahlleiterin, BTW 2025 (kerg2)"
stimmenanteil,2025,Berlin,land,MERA25,partei,0.125,%,"Bundeswahlleiterin, BTW 2025 (kerg2)"
stimmenanteil,2025,Berlin,land,PdF,partei,0.176,%,"Bundeswahlleiterin, BTW 2025 (kerg2)"
stimmenanteil,2021,Berlin,land,ÖDP,partei,0.155,%,"Bundeswahlleiterin, BTW 2025 (kerg2)"
stimmenanteil,2021,Berlin,land,PdH,partei,0.192,%,"Bundeswahlleiterin, BTW 2025 (kerg2)"
stimmenanteil,2021,Berlin,land,Verjüngungsforschung,partei,0.255,%,"Bundeswahlleiterin, BTW 2025 (kerg2)"
stimmenanteil,2021,Berlin,land,PIRATEN,partei,0.391,%,"Bundeswahlleiterin, BTW 2025 (kerg2)"
wahlbeteiligung,2025,Nordrhein-Westfalen,land,gesamt,gesamt,82.176,%,"Bundeswahlleiterin, BTW 2025 (kerg2)"
wahlbeteiligung,2021,Nordrhein-Westfalen,land,gesamt,gesamt,76.386,%,"Bundeswahlleiterin, BTW 2025 (kerg2)"
stimmenanteil,2025,Nordrhein-Westfalen,land,SPD,partei,20.03,%,"Bundeswahlleiterin, BTW 2025 (kerg2)"
stimmenanteil,2021,Nordrhein-Westfalen,land,SPD,partei,29.128,%,"Bundeswahlleiterin, BTW 2025 (kerg2)"
stimmenanteil,2025,Nordrhein-Westfalen,land,CDU,partei,30.121,%,"Bundeswahlleiterin, BTW 2025 (kerg2)"
stimmenanteil,2021,Nordrhein-Westfalen,land,CDU,partei,25.958,%,"Bundeswahlleiterin, BTW 2025 (kerg2)"
stimmenanteil,2025,Nordrhein-Westfalen,land,GRÜNE,partei,12.359,%,"Bundeswahlleiterin, BTW 2025 (kerg2)"
stimmenanteil,2021,Nordrhein-Westfalen,land,GRÜNE,partei,16.05,%,"Bundeswahlleiterin, BTW 2025 (kerg2)"
stimmenanteil,2025,Nordrhein-Westfalen,land,FDP,partei,4.393,%,"Bundeswahlleiterin, BTW 2025 (kerg2)"
stimmenanteil,2021,Nordrhein-Westfalen,land,FDP,partei,11.43,%,"Bundeswahlleiterin, BTW 2025 (kerg2)"
stimmenanteil,2025,Nordrhein-Westfalen,land,AfD,partei,16.819,%,"Bundeswahlleiterin, BTW 2025 (kerg2)"
stimmenanteil,2021,Nordrhein-Westfalen,land,AfD,partei,7.256,%,"Bundeswahlleiterin, BTW 2025 (kerg2)"
stimmenanteil,2025,Nordrhein-Westfalen,land,Die Linke,partei,8.333,%,"Bundeswahlleiterin, BTW 2025 (kerg2)"
stimmenanteil,2021,Nordrhein-Westfalen,land,Die Linke,partei,3.711,%,"Bundeswahlleiterin, BTW 2025 (kerg2)"
stimmenanteil,2025,Nordrhein-Westfalen,land,Tierschutzpartei,partei,1.268,%,"Bundeswahlleiterin, BTW 2025 (kerg2)"
stimmenanteil,2021,Nordrhein-Westfalen,land,Tierschutzpartei,partei,1.377,%,"Bundeswahlleiterin, BTW 2025 (kerg2)"
stimmenanteil,2025,Nordrhein-Westfalen,land,Die PARTEI,partei,0.561,%,"Bundeswahlleiterin, BTW 2025 (kerg2)"
stimmenanteil,2021,Nordrhein-Westfalen,land,Die PARTEI,partei,1.097,%,"Bundeswahlleiterin, BTW 2025 (kerg2)"
stimmenanteil,2025,Nordrhein-Westfalen,land,dieBasis,partei,0.211,%,"Bundeswahlleiterin, BTW 2025 (kerg2)"
stimmenanteil,2021,Nordrhein-Westfalen,land,dieBasis,partei,1.003,%,"Bundeswahlleiterin, BTW 2025 (kerg2)"
stimmenanteil,2025,Nordrhein-Westfalen,land,Team Todenhöfer,partei,0.19,%,"Bundeswahlleiterin, BTW 2025 (kerg2)"
stimmenanteil,2021,Nordrhein-Westfalen,land,Team Todenhöfer,partei,0.659,%,"Bundeswahlleiterin, BTW 2025 (kerg2)"
stimmenanteil,2025,Nordrhein-Westfalen,land,FREIE WÄHLER,partei,0.502,%,"Bundeswahlleiterin, BTW 2025 (kerg2)"
stimmenanteil,2021,Nordrhein-Westfalen,land,FREIE WÄHLER,partei,0.657,%,"Bundeswahlleiterin, BTW 2025 (kerg2)"
stimmenanteil,2025,Nordrhein-Westfalen,land,Volt,partei,0.655,%,"Bundeswahlleiterin, BTW 2025 (kerg2)"
stimmenanteil,2021,Nordrhein-Westfalen,land,Volt,partei,0.364,%,"Bundeswahlleiterin, BTW 2025 (kerg2)"
stimmenanteil,2025,Nordrhein-Westfalen,land,MLPD,partei,0.038,%,"Bundeswahlleiterin, BTW 2025 (kerg2)"
stimmenanteil,2021,Nordrhein-Westfalen,land,MLPD,partei,0.035,%,"Bundeswahlleiterin, BTW 2025 (kerg2)"
stimmenanteil,2025,Nordrhein-Westfalen,land,PdF,partei,0.171,%,"Bundeswahlleiterin, BTW 2025 (kerg2)"
stimmenanteil,2021,Nordrhein-Westfalen,land,PdF,partei,0.033,%,"Bundeswahlleiterin, BTW 2025 (kerg2)"
stimmenanteil,2025,Nordrhein-Westfalen,land,BÜNDNIS DEUTSCHLAND,partei,0.13,%,"Bundeswahlleiterin, BTW 2025 (kerg2)"
stimmenanteil,2025,Nordrhein-Westfalen,land,BSW,partei,4.113,%,"Bundeswahlleiterin, BTW 2025 (kerg2)"
stimmenanteil,2025,Nordrhein-Westfalen,land,MERA25,partei,0.041,%,"Bundeswahlleiterin, BTW 2025 (kerg2)"
stimmenanteil,2025,Nordrhein-Westfalen,land,WerteUnion,partei,0.064,%,"Bundeswahlleiterin, BTW 2025 (kerg2)"
stimmenanteil,2021,Nordrhein-Westfalen,land,Bündnis C,partei,0.102,%,"Bundeswahlleiterin, BTW 2025 (kerg2)"
stimmenanteil,2021,Nordrhein-Westfalen,land,ÖDP,partei,0.081,%,"Bundeswahlleiterin, BTW 2025 (kerg2)"
stimmenanteil,2021,Nordrhein-Westfalen,land,PdH,partei,0.078,%,"Bundeswahlleiterin, BTW 2025 (kerg2)"
stimmenanteil,2021,Nordrhein-Westfalen,land,Verjüngungsforschung,partei,0.118,%,"Bundeswahlleiterin, BTW 2025 (kerg2)"
stimmenanteil,2021,Nordrhein-Westfalen,land,PIRATEN,partei,0.372,%,"Bundeswahlleiterin, BTW 2025 (kerg2)"
stimmenanteil,2021,Nordrhein-Westfalen,land,SGP,partei,0.01,%,"Bundeswahlleiterin, BTW 2025 (kerg2)"
wahlbeteiligung,2025,Sachsen,land,gesamt,gesamt,81.109,%,"Bundeswahlleiterin, BTW 2025 (kerg2)"
wahlbeteiligung,2021,Sachsen,land,gesamt,gesamt,76.497,%,"Bundeswahlleiterin, BTW 2025 (kerg2)"
stimmenanteil,2025,Sachsen,land,AfD,partei,37.298,%,"Bundeswahlleiterin, BTW 2025 (kerg2)"
stimmenanteil,2021,Sachsen,land,AfD,partei,24.648,%,"Bundeswahlleiterin, BTW 2025 (kerg2)"
stimmenanteil,2025,Sachsen,land,SPD,partei,8.451,%,"Bundeswahlleiterin, BTW 2025 (kerg2)"
stimmenanteil,2021,Sachsen,land,SPD,partei,19.278,%,"Bundeswahlleiterin, BTW 2025 (kerg2)"
stimmenanteil,2025,Sachsen,land,CDU,partei,19.741,%,"Bundeswahlleiterin, BTW 2025 (kerg2)"
stimmenanteil,2021,Sachsen,land,CDU,partei,17.17,%,"Bundeswahlleiterin, BTW 2025 (kerg2)"
stimmenanteil,2025,Sachsen,land,FDP,partei,3.247,%,"Bundeswahlleiterin, BTW 2025 (kerg2)"
stimmenanteil,2021,Sachsen,land,FDP,partei,11.01,%,"Bundeswahlleiterin, BTW 2025 (kerg2)"
stimmenanteil,2025,Sachsen,land,Die Linke,partei,11.304,%,"Bundeswahlleiterin, BTW 2025 (kerg2)"
stimmenanteil,2021,Sachsen,land,Die Linke,partei,9.339,%,"Bundeswahlleiterin, BTW 2025 (kerg2)"
stimmenanteil,2025,Sachsen,land,GRÜNE,partei,6.51,%,"Bundeswahlleiterin, BTW 2025 (kerg2)"
stimmenanteil,2021,Sachsen,land,GRÜNE,partei,8.621,%,"Bundeswahlleiterin, BTW 2025 (kerg2)"
stimmenanteil,2025,Sachsen,land,FREIE WÄHLER,partei,1.562,%,"Bundeswahlleiterin, BTW 2025 (kerg2)"
stimmenanteil,2021,Sachsen,land,FREIE WÄHLER,partei,2.3,%,"Bundeswahlleiterin, BTW 2025 (kerg2)"
stimmenanteil,2025,Sachsen,land,Tierschutzpartei,partei,1.158,%,"Bundeswahlleiterin, BTW 2025 (kerg2)"
stimmenanteil,2021,Sachsen,land,Tierschutzpartei,partei,1.946,%,"Bundeswahlleiterin, BTW 2025 (kerg2)"
stimmenanteil,2025,Sachsen,land,Die PARTEI,partei,0.533,%,"Bundeswahlleiterin, BTW 2025 (kerg2)"
stimmenanteil,2021,Sachsen,land,Die PARTEI,partei,1.295,%,"Bundeswahlleiterin, BTW 2025 (kerg2)"
stimmenanteil,2025,Sachsen,land,PIRATEN,partei,0.156,%,"Bundeswahlleiterin, BTW 2025 (kerg2)"
stimmenanteil,2021,Sachsen,land,PIRATEN,partei,0.424,%,"Bundeswahlleiterin, BTW 2025 (kerg2)"
stimmenanteil,2025,Sachsen,land,Volt,partei,0.574,%,"Bundeswahlleiterin, BTW 2025 (kerg2)"
stimmenanteil,2021,Sachsen,land,Volt,partei,0.271,%,"Bundeswahlleiterin, BTW 2025 (kerg2)"
stimmenanteil,2025,Sachsen,land,PdH,partei,0.096,%,"Bundeswahlleiterin, BTW 2025 (kerg2)"
stimmenanteil,2021,Sachsen,land,PdH,partei,0.163,%,"Bundeswahlleiterin, BTW 2025 (kerg2)"
stimmenanteil,2025,Sachsen,land,MLPD,partei,0.043,%,"Bundeswahlleiterin, BTW 2025 (kerg2)"
stimmenanteil,2021,Sachsen,land,MLPD,partei,0.063,%,"Bundeswahlleiterin, BTW 2025 (kerg2)"
stimmenanteil,2025,Sachsen,land,BÜNDNIS DEUTSCHLAND,partei,0.289,%,"Bundeswahlleiterin, BTW 2025 (kerg2)"
stimmenanteil,2025,Sachsen,land,BSW,partei,9.039,%,"Bundeswahlleiterin, BTW 2025 (kerg2)"
stimmenanteil,2021,Sachsen,land,dieBasis,partei,1.547,%,"Bundeswahlleiterin, BTW 2025 (kerg2)"
stimmenanteil,2021,Sachsen,land,Bündnis C,partei,0.289,%,"Bundeswahlleiterin, BTW 2025 (kerg2)"
stimmenanteil,2021,Sachsen,land,Team Todenhöfer,partei,0.253,%,"Bundeswahlleiterin, BTW 2025 (kerg2)"
stimmenanteil,2021,Sachsen,land,ÖDP,partei,0.246,%,"Bundeswahlleiterin, BTW 2025 (kerg2)"
stimmenanteil,2021,Sachsen,land,Verjüngungsforschung,partei,0.489,%,"Bundeswahlleiterin, BTW 2025 (kerg2)"
wahlbeteiligung,2025,Hessen,land,gesamt,gesamt,83.112,%,"Bundeswahlleiterin, BTW 2025 (kerg2)"
wahlbeteiligung,2021,Hessen,land,gesamt,gesamt,76.217,%,"Bundeswahlleiterin, BTW 2025 (kerg2)"
stimmenanteil,2025,Hessen,land,SPD,partei,18.362,%,"Bundeswahlleiterin, BTW 2025 (kerg2)"
stimmenanteil,2021,Hessen,land,SPD,partei,27.57,%,"Bundeswahlleiterin, BTW 2025 (kerg2)"
stimmenanteil,2025,Hessen,land,CDU,partei,28.872,%,"Bundeswahlleiterin, BTW 2025 (kerg2)"
stimmenanteil,2021,Hessen,land,CDU,partei,22.828,%,"Bundeswahlleiterin, BTW 2025 (kerg2)"
stimmenanteil,2025,Hessen,land,GRÜNE,partei,12.609,%,"Bundeswahlleiterin, BTW 2025 (kerg2)"
stimmenanteil,2021,Hessen,land,GRÜNE,partei,15.796,%,"Bundeswahlleiterin, BTW 2025 (kerg2)"
stimmenanteil,2025,Hessen,land,FDP,partei,5.05,%,"Bundeswahlleiterin, BTW 2025 (kerg2)"
stimmenanteil,2021,Hessen,land,FDP,partei,12.773,%,"Bundeswahlleiterin, BTW 2025 (kerg2)"
stimmenanteil,2025,Hessen,land,AfD,partei,17.783,%,"Bundeswahlleiterin, BTW 2025 (kerg2)"
stimmenanteil,2021,Hessen,land,AfD,partei,8.815,%,"Bundeswahlleiterin, BTW 2025 (kerg2)"
stimmenanteil,2025,Hessen,land,Die Linke,partei,8.687,%,"Bundeswahlleiterin, BTW 2025 (kerg2)"
stimmenanteil,2021,Hessen,land,Die Linke,partei,4.32,%,"Bundeswahlleiterin, BTW 2025 (kerg2)"
stimmenanteil,2025,Hessen,land,FREIE WÄHLER,partei,1.3,%,"Bundeswahlleiterin, BTW 2025 (kerg2)"
stimmenanteil,2021,Hessen,land,FREIE WÄHLER,partei,1.701,%,"Bundeswahlleiterin, BTW 2025 (kerg2)"
stimmenanteil,2025,Hessen,land,Tierschutzpartei,partei,1.243,%,"Bundeswahlleiterin, BTW 2025 (kerg2)"
stimmenanteil,2021,Hessen,land,Tierschutzpartei,partei,1.486,%,"Bundeswahlleiterin, BTW 2025 (kerg2)"
stimmenanteil,2025,Hessen,land,Die PARTEI,partei,0.506,%,"Bundeswahlleiterin, BTW 2025 (kerg2)"
stimmenanteil,2021,Hessen,land,Die PARTEI,partei,0.896,%,"Bundeswahlleiterin, BTW 2025 (kerg2)"
stimmenanteil,2025,Hessen,land,Volt,partei,0.881,%,"Bundeswahlleiterin, BTW 2025 (kerg2)"
stimmenanteil,2021,Hessen,land,Volt,partei,0.584,%,"Bundeswahlleiterin, BTW 2025 (kerg2)"
stimmenanteil,2025,Hessen,land,PdH,partei,0.084,%,"Bundeswahlleiterin, BTW 2025 (kerg2)"
stimmenanteil,2021,Hessen,land,PdH,partei,0.108,%,"Bundeswahlleiterin, BTW 2025 (kerg2)"
stimmenanteil,2025,Hessen,land,MLPD,partei,0.033,%,"Bundeswahlleiterin, BTW 2025 (kerg2)"
stimmenanteil,2021,Hessen,land,MLPD,partei,0.027,%,"Bundeswahlleiterin, BTW 2025 (kerg2)"
stimmenanteil,2025,Hessen,land,BÜNDNIS DEUTSCHLAND,partei,0.16,%,"Bundeswahlleiterin, BTW 2025 (kerg2)"
stimmenanteil,2025,Hessen,land,BSW,partei,4.431,%,"Bundeswahlleiterin, BTW 2025 (kerg2)"
stimmenanteil,2021,Hessen,land,dieBasis,partei,1.306,%,"Bundeswahlleiterin, BTW 2025 (kerg2)"
stimmenanteil,2021,Hessen,land,Bündnis C,partei,0.134,%,"Bundeswahlleiterin, BTW 2025 (kerg2)"
stimmenanteil,2021,Hessen,land,Team Todenhöfer,partei,0.663,%,"Bundeswahlleiterin, BTW 2025 (kerg2)"
stimmenanteil,2021,Hessen,land,ÖDP,partei,0.112,%,"Bundeswahlleiterin, BTW 2025 (kerg2)"
stimmenanteil,2021,Hessen,land,Verjüngungsforschung,partei,0.148,%,"Bundeswahlleiterin, BTW 2025 (kerg2)"
stimmenanteil,2021,Hessen,land,PIRATEN,partei,0.398,%,"Bundeswahlleiterin, BTW 2025 (kerg2)"
wahlbeteiligung,2025,Thüringen,land,gesamt,gesamt,80.696,%,"Bundeswahlleiterin, BTW 2025 (kerg2)"
wahlbeteiligung,2021,Thüringen,land,gesamt,gesamt,74.937,%,"Bundeswahlleiterin, BTW 2025 (kerg2)"
stimmenanteil,2025,Thüringen,land,AfD,partei,38.555,%,"Bundeswahlleiterin, BTW 2025 (kerg2)"
stimmenanteil,2021,Thüringen,land,AfD,partei,23.973,%,"Bundeswahlleiterin, BTW 2025 (kerg2)"
stimmenanteil,2025,Thüringen,land,SPD,partei,8.754,%,"Bundeswahlleiterin, BTW 2025 (kerg2)"
stimmenanteil,2021,Thüringen,land,SPD,partei,23.436,%,"Bundeswahlleiterin, BTW 2025 (kerg2)"
stimmenanteil,2025,Thüringen,land,CDU,partei,18.583,%,"Bundeswahlleiterin, BTW 2025 (kerg2)"
stimmenanteil,2021,Thüringen,land,CDU,partei,16.872,%,"Bundeswahlleiterin, BTW 2025 (kerg2)"
stimmenanteil,2025,Thüringen,land,Die Linke,partei,15.156,%,"Bundeswahlleiterin, BTW 2025 (kerg2)"
stimmenanteil,2021,Thüringen,land,Die Linke,partei,11.439,%,"Bundeswahlleiterin, BTW 2025 (kerg2)"
stimmenanteil,2025,Thüringen,land,FDP,partei,2.816,%,"Bundeswahlleiterin, BTW 2025 (kerg2)"
stimmenanteil,2021,Thüringen,land,FDP,partei,9.035,%,"Bundeswahlleiterin, BTW 2025 (kerg2)"
stimmenanteil,2025,Thüringen,land,GRÜNE,partei,4.236,%,"Bundeswahlleiterin, BTW 2025 (kerg2)"
stimmenanteil,2021,Thüringen,land,GRÜNE,partei,6.579,%,"Bundeswahlleiterin, BTW 2025 (kerg2)"
stimmenanteil,2025,Thüringen,land,FREIE WÄHLER,partei,1.557,%,"Bundeswahlleiterin, BTW 2025 (kerg2)"
stimmenanteil,2021,Thüringen,land,FREIE WÄHLER,partei,2.146,%,"Bundeswahlleiterin, BTW 2025 (kerg2)"
stimmenanteil,2025,Thüringen,land,Volt,partei,0.528,%,"Bundeswahlleiterin, BTW 2025 (kerg2)"
stimmenanteil,2021,Thüringen,land,Volt,partei,0.282,%,"Bundeswahlleiterin, BTW 2025 (kerg2)"
stimmenanteil,2025,Thüringen,land,MLPD,partei,0.132,%,"Bundeswahlleiterin, BTW 2025 (kerg2)"
stimmenanteil,2021,Thüringen,land,MLPD,partei,0.203,%,"Bundeswahlleiterin, BTW 2025 (kerg2)"
stimmenanteil,2025,Thüringen,land,BÜNDNIS DEUTSCHLAND,partei,0.261,%,"Bundeswahlleiterin, BTW 2025 (kerg2)"
stimmenanteil,2025,Thüringen,land,BSW,partei,9.422,%,"Bundeswahlleiterin, BTW 2025 (kerg2)"
stimmenanteil,2021,Thüringen,land,dieBasis,partei,1.596,%,"Bundeswahlleiterin, BTW 2025 (kerg2)"
stimmenanteil,2021,Thüringen,land,Team Todenhöfer,partei,0.198,%,"Bundeswahlleiterin, BTW 2025 (kerg2)"
stimmenanteil,2021,Thüringen,land,MENSCHLICHE WELT,partei,0.269,%,"Bundeswahlleiterin, BTW 2025 (kerg2)"
stimmenanteil,2021,Thüringen,land,ÖDP,partei,0.194,%,"Bundeswahlleiterin, BTW 2025 (kerg2)"
stimmenanteil,2021,Thüringen,land,PdH,partei,0.107,%,"Bundeswahlleiterin, BTW 2025 (kerg2)"
stimmenanteil,2021,Thüringen,land,Die PARTEI,partei,1.266,%,"Bundeswahlleiterin, BTW 2025 (kerg2)"
stimmenanteil,2021,Thüringen,land,Tierschutzpartei,partei,1.5,%,"Bundeswahlleiterin, BTW 2025 (kerg2)"
stimmenanteil,2021,Thüringen,land,PIRATEN,partei,0.497,%,"Bundeswahlleiterin, BTW 2025 (kerg2)"
wahlbeteiligung,2025,Rheinland-Pfalz,land,gesamt,gesamt,82.951,%,"Bundeswahlleiterin, BTW 2025 (kerg2)"
wahlbeteiligung,2021,Rheinland-Pfalz,land,gesamt,gesamt,77.195,%,"Bundeswahlleiterin, BTW 2025 (kerg2)"
stimmenanteil,2025,Rheinland-Pfalz,land,SPD,partei,18.64,%,"Bundeswahlleiterin, BTW 2025 (kerg2)"
stimmenanteil,2021,Rheinland-Pfalz,land,SPD,partei,29.37,%,"Bundeswahlleiterin, BTW 2025 (kerg2)"
stimmenanteil,2025,Rheinland-Pfalz,land,CDU,partei,30.641,%,"Bundeswahlleiterin, BTW 2025 (kerg2)"
stimmenanteil,2021,Rheinland-Pfalz,land,CDU,partei,24.7,%,"Bundeswahlleiterin, BTW 2025 (kerg2)"
stimmenanteil,2025,Rheinland-Pfalz,land,GRÜNE,partei,10.348,%,"Bundeswahlleiterin, BTW 2025 (kerg2)"
stimmenanteil,2021,Rheinland-Pfalz,land,GRÜNE,partei,12.559,%,"Bundeswahlleiterin, BTW 2025 (kerg2)"
stimmenanteil,2025,Rheinland-Pfalz,land,FDP,partei,4.594,%,"Bundeswahlleiterin, BTW 2025 (kerg2)"
stimmenanteil,2021,Rheinland-Pfalz,land,FDP,partei,11.672,%,"Bundeswahlleiterin, BTW 2025 (kerg2)"
stimmenanteil,2025,Rheinland-Pfalz,land,AfD,partei,20.09,%,"Bundeswahlleiterin, BTW 2025 (kerg2)"
stimmenanteil,2021,Rheinland-Pfalz,land,AfD,partei,9.22,%,"Bundeswahlleiterin, BTW 2025 (kerg2)"
stimmenanteil,2025,Rheinland-Pfalz,land,FREIE WÄHLER,partei,2.095,%,"Bundeswahlleiterin, BTW 2025 (kerg2)"
stimmenanteil,2021,Rheinland-Pfalz,land,FREIE WÄHLER,partei,3.616,%,"Bundeswahlleiterin, BTW 2025 (kerg2)"
stimmenanteil,2025,Rheinland-Pfalz,land,Die Linke,partei,6.521,%,"Bundeswahlleiterin, BTW 2025 (kerg2)"
stimmenanteil,2021,Rheinland-Pfalz,land,Die Linke,partei,3.261,%,"Bundeswahlleiterin, BTW 2025 (kerg2)"
stimmenanteil,2025,Rheinland-Pfalz,land,Tierschutzpartei,partei,1.271,%,"Bundeswahlleiterin, BTW 2025 (kerg2)"
stimmenanteil,2021,Rheinland-Pfalz,land,Tierschutzpartei,partei,1.532,%,"Bundeswahlleiterin, BTW 2025 (kerg2)"
stimmenanteil,2025,Rheinland-Pfalz,land,Die PARTEI,partei,0.461,%,"Bundeswahlleiterin, BTW 2025 (kerg2)"
stimmenanteil,2021,Rheinland-Pfalz,land,Die PARTEI,partei,0.893,%,"Bundeswahlleiterin, BTW 2025 (kerg2)"
stimmenanteil,2025,Rheinland-Pfalz,land,Volt,partei,0.759,%,"Bundeswahlleiterin, BTW 2025 (kerg2)"
stimmenanteil,2021,Rheinland-Pfalz,land,Volt,partei,0.476,%,"Bundeswahlleiterin, BTW 2025 (kerg2)"
stimmenanteil,2025,Rheinland-Pfalz,land,ÖDP,partei,0.167,%,"Bundeswahlleiterin, BTW 2025 (kerg2)"
stimmenanteil,2021,Rheinland-Pfalz,land,ÖDP,partei,0.243,%,"Bundeswahlleiterin, BTW 2025 (kerg2)"
stimmenanteil,2025,Rheinland-Pfalz,land,MLPD,partei,0.023,%,"Bundeswahlleiterin, BTW 2025 (kerg2)"
stimmenanteil,2021,Rheinland-Pfalz,land,MLPD,partei,0.02,%,"Bundeswahlleiterin, BTW 2025 (kerg2)"
stimmenanteil,2025,Rheinland-Pfalz,land,BÜNDNIS DEUTSCHLAND,partei,0.156,%,"Bundeswahlleiterin, BTW 2025 (kerg2)"
stimmenanteil,2025,Rheinland-Pfalz,land,BSW,partei,4.234,%,"Bundeswahlleiterin, BTW 2025 (kerg2)"
stimmenanteil,2021,Rheinland-Pfalz,land,dieBasis,partei,1.23,%,"Bundeswahlleiterin, BTW 2025 (kerg2)"
stimmenanteil,2021,Rheinland-Pfalz,land,Team Todenhöfer,partei,0.367,%,"Bundeswahlleiterin, BTW 2025 (kerg2)"
stimmenanteil,2021,Rheinland-Pfalz,land,PdH,partei,0.098,%,"Bundeswahlleiterin, BTW 2025 (kerg2)"
stimmenanteil,2021,Rheinland-Pfalz,land,PIRATEN,partei,0.408,%,"Bundeswahlleiterin, BTW 2025 (kerg2)"
wahlbeteiligung,2025,Bayern,land,gesamt,gesamt,84.337,%,"Bundeswahlleiterin, BTW 2025 (kerg2)"
wahlbeteiligung,2021,Bayern,land,gesamt,gesamt,79.946,%,"Bundeswahlleiterin, BTW 2025 (kerg2)"
stimmenanteil,2025,Bayern,land,CSU,partei,37.18,%,"Bundeswahlleiterin, BTW 2025 (kerg2)"
stimmenanteil,2021,Bayern,land,CSU,partei,31.736,%,"Bundeswahlleiterin, BTW 2025 (kerg2)"
stimmenanteil,2025,Bayern,land,SPD,partei,11.549,%,"Bundeswahlleiterin, BTW 2025 (kerg2)"
stimmenanteil,2021,Bayern,land,SPD,partei,17.979,%,"Bundeswahlleiterin, BTW 2025 (kerg2)"
stimmenanteil,2025,Bayern,land,GRÜNE,partei,12.01,%,"Bundeswahlleiterin, BTW 2025 (kerg2)"
stimmenanteil,2021,Bayern,land,GRÜNE,partei,14.104,%,"Bundeswahlleiterin, BTW 2025 (kerg2)"
stimmenanteil,2025,Bayern,land,FDP,partei,4.18,%,"Bundeswahlleiterin, BTW 2025 (kerg2)"
stimmenanteil,2021,Bayern,land,FDP,partei,10.548,%,"Bundeswahlleiterin, BTW 2025 (kerg2)"
stimmenanteil,2025,Bayern,land,AfD,partei,19.013,%,"Bundeswahlleiterin, BTW 2025 (kerg2)"
stimmenanteil,2021,Bayern,land,AfD,partei,8.98,%,"Bundeswahlleiterin, BTW 2025 (kerg2)"
stimmenanteil,2025,Bayern,land,FREIE WÄHLER,partei,4.338,%,"Bundeswahlleiterin, BTW 2025 (kerg2)"
stimmenanteil,2021,Bayern,land,FREIE WÄHLER,partei,7.487,%,"Bundeswahlleiterin, BTW 2025 (kerg2)"
stimmenanteil,2025,Bayern,land,Die Linke,partei,5.732,%,"Bundeswahlleiterin, BTW 2025 (kerg2)"
stimmenanteil,2021,Bayern,land,Die Linke,partei,2.785,%,"Bundeswahlleiterin, BTW 2025 (kerg2)"
stimmenanteil,2025,Bayern,land,dieBasis,partei,0.362,%,"Bundeswahlleiterin, BTW 2025 (kerg2)"
stimmenanteil,2021,Bayern,land,dieBasis,partei,1.743,%,"Bundeswahlleiterin, BTW 2025 (kerg2)"
stimmenanteil,2025,Bayern,land,Tierschutzpartei,partei,0.776,%,"Bundeswahlleiterin, BTW 2025 (kerg2)"
stimmenanteil,2021,Bayern,land,Tierschutzpartei,partei,1.069,%,"Bundeswahlleiterin, BTW 2025 (kerg2)"
stimmenanteil,2025,Bayern,land,Die PARTEI,partei,0.383,%,"Bundeswahlleiterin, BTW 2025 (kerg2)"
stimmenanteil,2021,Bayern,land,Die PARTEI,partei,0.712,%,"Bundeswahlleiterin, BTW 2025 (kerg2)"
stimmenanteil,2025,Bayern,land,ÖDP,partei,0.419,%,"Bundeswahlleiterin, BTW 2025 (kerg2)"
stimmenanteil,2021,Bayern,land,ÖDP,partei,0.675,%,"Bundeswahlleiterin, BTW 2025 (kerg2)"
stimmenanteil,2025,Bayern,land,BP,partei,0.154,%,"Bundeswahlleiterin, BTW 2025 (kerg2)"
stimmenanteil,2021,Bayern,land,BP,partei,0.433,%,"Bundeswahlleiterin, BTW 2025 (kerg2)"
stimmenanteil,2025,Bayern,land,Volt,partei,0.636,%,"Bundeswahlleiterin, BTW 2025 (kerg2)"
stimmenanteil,2021,Bayern,land,Volt,partei,0.283,%,"Bundeswahlleiterin, BTW 2025 (kerg2)"
stimmenanteil,2025,Bayern,land,PdH,partei,0.069,%,"Bundeswahlleiterin, BTW 2025 (kerg2)"
stimmenanteil,2021,Bayern,land,PdH,partei,0.088,%,"Bundeswahlleiterin, BTW 2025 (kerg2)"
stimmenanteil,2025,Bayern,land,MLPD,partei,0.021,%,"Bundeswahlleiterin, BTW 2025 (kerg2)"
stimmenanteil,2021,Bayern,land,MLPD,partei,0.017,%,"Bundeswahlleiterin, BTW 2025 (kerg2)"
stimmenanteil,2025,Bayern,land,BÜNDNIS DEUTSCHLAND,partei,0.087,%,"Bundeswahlleiterin, BTW 2025 (kerg2)"
stimmenanteil,2025,Bayern,land,BSW,partei,3.092,%,"Bundeswahlleiterin, BTW 2025 (kerg2)"
stimmenanteil,2021,Bayern,land,Bündnis C,partei,0.074,%,"Bundeswahlleiterin, BTW 2025 (kerg2)"
stimmenanteil,2021,Bayern,land,Team Todenhöfer,partei,0.325,%,"Bundeswahlleiterin, BTW 2025 (kerg2)"
stimmenanteil,2021,Bayern,land,Verjüngungsforschung,partei,0.113,%,"Bundeswahlleiterin, BTW 2025 (kerg2)"
stimmenanteil,2021,Bayern,land,PIRATEN,partei,0.342,%,"Bundeswahlleiterin, BTW 2025 (kerg2)"
wahlbeteiligung,2025,Baden-Württemberg,land,gesamt,gesamt,83.389,%,"Bundeswahlleiterin, BTW 2025 (kerg2)"
wahlbeteiligung,2021,Baden-Württemberg,land,gesamt,gesamt,77.771,%,"Bundeswahlleiterin, BTW 2025 (kerg2)"
stimmenanteil,2025,Baden-Württemberg,land,CDU,partei,31.604,%,"Bundeswahlleiterin, BTW 2025 (kerg2)"
stimmenanteil,2021,Baden-Württemberg,land,CDU,partei,24.835,%,"Bundeswahlleiterin, BTW 2025 (kerg2)"
stimmenanteil,2025,Baden-Württemberg,land,SPD,partei,14.154,%,"Bundeswahlleiterin, BTW 2025 (kerg2)"
stimmenanteil,2021,Baden-Württemberg,land,SPD,partei,21.647,%,"Bundeswahlleiterin, BTW 2025 (kerg2)"
stimmenanteil,2025,Baden-Württemberg,land,GRÜNE,partei,13.634,%,"Bundeswahlleiterin, BTW 2025 (kerg2)"
stimmenanteil,2021,Baden-Württemberg,land,GRÜNE,partei,17.181,%,"Bundeswahlleiterin, BTW 2025 (kerg2)"
stimmenanteil,2025,Baden-Württemberg,land,FDP,partei,5.631,%,"Bundeswahlleiterin, BTW 2025 (kerg2)"
stimmenanteil,2021,Baden-Württemberg,land,FDP,partei,15.262,%,"Bundeswahlleiterin, BTW 2025 (kerg2)"
stimmenanteil,2025,Baden-Württemberg,land,AfD,partei,19.786,%,"Bundeswahlleiterin, BTW 2025 (kerg2)"
stimmenanteil,2021,Baden-Württemberg,land,AfD,partei,9.603,%,"Bundeswahlleiterin, BTW 2025 (kerg2)"
stimmenanteil,2025,Baden-Württemberg,land,Die Linke,partei,6.764,%,"Bundeswahlleiterin, BTW 2025 (kerg2)"
stimmenanteil,2021,Baden-Württemberg,land,Die Linke,partei,3.309,%,"Bundeswahlleiterin, BTW 2025 (kerg2)"
stimmenanteil,2025,Baden-Württemberg,land,dieBasis,partei,0.344,%,"Bundeswahlleiterin, BTW 2025 (kerg2)"
stimmenanteil,2021,Baden-Württemberg,land,dieBasis,partei,1.932,%,"Bundeswahlleiterin, BTW 2025 (kerg2)"
stimmenanteil,2025,Baden-Württemberg,land,FREIE WÄHLER,partei,1.359,%,"Bundeswahlleiterin, BTW 2025 (kerg2)"
stimmenanteil,2021,Baden-Württemberg,land,FREIE WÄHLER,partei,1.741,%,"Bundeswahlleiterin, BTW 2025 (kerg2)"
stimmenanteil,2025,Baden-Württemberg,land,Tierschutzpartei,partei,0.88,%,"Bundeswahlleiterin, BTW 2025 (kerg2)"
stimmenanteil,2021,Baden-Württemberg,land,Tierschutzpartei,partei,1.256,%,"Bundeswahlleiterin, BTW 2025 (kerg2)"
stimmenanteil,2025,Baden-Württemberg,land,Die PARTEI,partei,0.442,%,"Bundeswahlleiterin, BTW 2025 (kerg2)"
stimmenanteil,2021,Baden-Württemberg,land,Die PARTEI,partei,0.901,%,"Bundeswahlleiterin, BTW 2025 (kerg2)"
stimmenanteil,2025,Baden-Württemberg,land,Volt,partei,0.772,%,"Bundeswahlleiterin, BTW 2025 (kerg2)"
stimmenanteil,2021,Baden-Württemberg,land,Volt,partei,0.347,%,"Bundeswahlleiterin, BTW 2025 (kerg2)"
stimmenanteil,2025,Baden-Württemberg,land,ÖDP,partei,0.193,%,"Bundeswahlleiterin, BTW 2025 (kerg2)"
stimmenanteil,2021,Baden-Württemberg,land,ÖDP,partei,0.296,%,"Bundeswahlleiterin, BTW 2025 (kerg2)"
stimmenanteil,2025,Baden-Württemberg,land,Bündnis C,partei,0.185,%,"Bundeswahlleiterin, BTW 2025 (kerg2)"
stimmenanteil,2021,Baden-Württemberg,land,Bündnis C,partei,0.212,%,"Bundeswahlleiterin, BTW 2025 (kerg2)"
stimmenanteil,2025,Baden-Württemberg,land,MLPD,partei,0.037,%,"Bundeswahlleiterin, BTW 2025 (kerg2)"
stimmenanteil,2021,Baden-Württemberg,land,MLPD,partei,0.038,%,"Bundeswahlleiterin, BTW 2025 (kerg2)"
stimmenanteil,2025,Baden-Württemberg,land,BÜNDNIS DEUTSCHLAND,partei,0.117,%,"Bundeswahlleiterin, BTW 2025 (kerg2)"
stimmenanteil,2025,Baden-Württemberg,land,BSW,partei,4.098,%,"Bundeswahlleiterin, BTW 2025 (kerg2)"
stimmenanteil,2021,Baden-Württemberg,land,Team Todenhöfer,partei,0.45,%,"Bundeswahlleiterin, BTW 2025 (kerg2)"
stimmenanteil,2021,Baden-Württemberg,land,PdH,partei,0.114,%,"Bundeswahlleiterin, BTW 2025 (kerg2)"
stimmenanteil,2021,Baden-Württemberg,land,Verjüngungsforschung,partei,0.119,%,"Bundeswahlleiterin, BTW 2025 (kerg2)"
stimmenanteil,2021,Baden-Württemberg,land,PIRATEN,partei,0.362,%,"Bundeswahlleiterin, BTW 2025 (kerg2)"
wahlbeteiligung,2025,Saarland,land,gesamt,gesamt,82.442,%,"Bundeswahlleiterin, BTW 2025 (kerg2)"
wahlbeteiligung,2021,Saarland,land,gesamt,gesamt,77.323,%,"Bundeswahlleiterin, BTW 2025 (kerg2)"
stimmenanteil,2025,Saarland,land,SPD,partei,21.866,%,"Bundeswahlleiterin, BTW 2025 (kerg2)"
stimmenanteil,2021,Saarland,land,SPD,partei,37.265,%,"Bundeswahlleiterin, BTW 2025 (kerg2)"
stimmenanteil,2025,Saarland,land,CDU,partei,26.865,%,"Bundeswahlleiterin, BTW 2025 (kerg2)"
stimmenanteil,2021,Saarland,land,CDU,partei,23.556,%,"Bundeswahlleiterin, BTW 2025 (kerg2)"
stimmenanteil,2025,Saarland,land,FDP,partei,4.289,%,"Bundeswahlleiterin, BTW 2025 (kerg2)"
stimmenanteil,2021,Saarland,land,FDP,partei,11.495,%,"Bundeswahlleiterin, BTW 2025 (kerg2)"
stimmenanteil,2025,Saarland,land,AfD,partei,21.559,%,"Bundeswahlleiterin, BTW 2025 (kerg2)"
stimmenanteil,2021,Saarland,land,AfD,partei,10.046,%,"Bundeswahlleiterin, BTW 2025 (kerg2)"
stimmenanteil,2025,Saarland,land,Die Linke,partei,7.35,%,"Bundeswahlleiterin, BTW 2025 (kerg2)"
stimmenanteil,2021,Saarland,land,Die Linke,partei,7.17,%,"Bundeswahlleiterin, BTW 2025 (kerg2)"
stimmenanteil,2025,Saarland,land,Tierschutzpartei,partei,2.045,%,"Bundeswahlleiterin, BTW 2025 (kerg2)"
stimmenanteil,2021,Saarland,land,Tierschutzpartei,partei,2.829,%,"Bundeswahlleiterin, BTW 2025 (kerg2)"
stimmenanteil,2025,Saarland,land,FREIE WÄHLER,partei,1.413,%,"Bundeswahlleiterin, BTW 2025 (kerg2)"
stimmenanteil,2021,Saarland,land,FREIE WÄHLER,partei,2.048,%,"Bundeswahlleiterin, BTW 2025 (kerg2)"
stimmenanteil,2025,Saarland,land,Volt,partei,0.62,%,"Bundeswahlleiterin, BTW 2025 (kerg2)"
stimmenanteil,2021,Saarland,land,Volt,partei,0.701,%,"Bundeswahlleiterin, BTW 2025 (kerg2)"
stimmenanteil,2025,Saarland,land,PIRATEN,partei,0.292,%,"Bundeswahlleiterin, BTW 2025 (kerg2)"
stimmenanteil,2021,Saarland,land,PIRATEN,partei,0.596,%,"Bundeswahlleiterin, BTW 2025 (kerg2)"
stimmenanteil,2025,Saarland,land,MLPD,partei,0.051,%,"Bundeswahlleiterin, BTW 2025 (kerg2)"
stimmenanteil,2021,Saarland,land,MLPD,partei,0.062,%,"Bundeswahlleiterin, BTW 2025 (kerg2)"
stimmenanteil,2025,Saarland,land,BÜNDNIS DEUTSCHLAND,partei,0.248,%,"Bundeswahlleiterin, BTW 2025 (kerg2)"
stimmenanteil,2025,Saarland,land,GRÜNE,partei,7.232,%,"Bundeswahlleiterin, BTW 2025 (kerg2)"
stimmenanteil,2025,Saarland,land,BSW,partei,6.17,%,"Bundeswahlleiterin, BTW 2025 (kerg2)"
stimmenanteil,2021,Saarland,land,dieBasis,partei,1.415,%,"Bundeswahlleiterin, BTW 2025 (kerg2)"
stimmenanteil,2021,Saarland,land,Team Todenhöfer,partei,0.398,%,"Bundeswahlleiterin, BTW 2025 (kerg2)"
stimmenanteil,2021,Saarland,land,ÖDP,partei,0.441,%,"Bundeswahlleiterin, BTW 2025 (kerg2)"
stimmenanteil,2021,Saarland,land,Die PARTEI,partei,1.739,%,"Bundeswahlleiterin, BTW 2025 (kerg2)"
